Campaign,Ad group,Keyword,Criterion Type
オールオン4_名古屋,オールオン4,オールオン4 名古屋,Phrase
オールオン4_名古屋,オールオン4,オールオンフォー 名古屋,Phrase
オールオン4_名古屋,オールオン4,all on 4 名古屋,Phrase
オールオン4_名古屋,オールオン4,オールオン4 愛知,Phrase
オールオン4_名古屋,オールオン4,オールオン4 名駅,Phrase
オールオン4_名古屋,入れ歯の悩み,入れ歯 合わない,Phrase
オールオン4_名古屋,入れ歯の悩み,入れ歯 痛い,Phrase
オールオン4_名古屋,入れ歯の悩み,総入れ歯 インプラント,Phrase
オールオン4_名古屋,入れ歯の悩み,入れ歯 インプラント 名古屋,Phrase
オールオン4_名古屋,入れ歯の悩み,入れ歯 外れる,Phrase
オールオン4_名古屋,費用,オールオン4 費用,Phrase
オールオン4_名古屋,費用,オールオン4 値段,Phrase
オールオン4_名古屋,費用,オールオンフォー 費用,Phrase
オールオン4_名古屋,費用,オールオン4 相場,Phrase
オールオン4_名古屋,費用,オールオン4 分割,Phrase
オールオン4_名古屋,骨が少ない,インプラント 骨が少ない,Phrase
オールオン4_名古屋,骨が少ない,インプラント 骨がない,Phrase
オールオン4_名古屋,骨が少ない,インプラント 断られた,Phrase
オールオン4_名古屋,骨が少ない,ザイゴマ 名古屋,Phrase
オールオン4_名古屋,骨が少ない,ザイゴマインプラント,Phrase
オールオン4_名古屋,手術が怖い,インプラント 怖い,Phrase
オールオン4_名古屋,手術が怖い,インプラント 静脈内鎮静,Phrase
オールオン4_名古屋,手術が怖い,インプラント 麻酔 名古屋,Phrase
オールオン4_名古屋,手術が怖い,インプラント 全身麻酔 名古屋,Phrase
オールオン4_名古屋,,保険適用,Campaign Negative Phrase
オールオン4_名古屋,,保険 インプラント,Campaign Negative Phrase
オールオン4_名古屋,,格安,Campaign Negative Phrase
オールオン4_名古屋,,激安,Campaign Negative Phrase
オールオン4_名古屋,,求人,Campaign Negative Phrase
オールオン4_名古屋,,歯科衛生士,Campaign Negative Phrase
オールオン4_名古屋,,歯科医師 募集,Campaign Negative Phrase
オールオン4_名古屋,,論文,Campaign Negative Phrase
オールオン4_名古屋,,学会,Campaign Negative Phrase
オールオン4_名古屋,,セミナー,Campaign Negative Phrase
オールオン4_名古屋,,自分で,Campaign Negative Phrase
オールオン4_名古屋,,やり方 動画,Campaign Negative Phrase
